Index,Well,Depth
0,T1,457.20879207522705
1,T1,456.5626590826667
2,T1,456.095065043511
3,T1,456.039839944266
4,T1,455.9741876307026
5,T1,455.53371785991936
6,T1,456.058239263532
7,T1,455.98466290524163
8,T1,455.4916428910063
9,T2,267.85525061951347
10,T2,267.18244513127456
11,T2,352.34334525551617
12,T2,351.8662046757961
13,T2,425.7918539587852
14,T2,425.1577430384439
15,T2,424.70098396419763
16,T2,369.8287466656004
17,T2,369.3252558783343
18,T2,368.81759119992205
19,T2,322.15717796675875
